# x_m,y_m,w_tr_right_m,w_tr_left_m lat0=28.356386 origin=7595518.598,3133646.694 (scripts/survey-track.js)
108.777,868.821,6.46,6.46
110.096,863.849,6.35,6.35
111.368,859.012,6.31,6.31
112.641,854.176,6.34,6.34
113.882,849.330,6.39,6.39
115.118,844.483,6.51,6.51
116.321,839.627,6.67,6.67
117.492,834.761,6.85,6.85
118.632,829.886,7.07,7.07
119.739,825.002,7.32,7.32
120.836,820.115,7.62,7.62
121.964,815.238,7.88,7.88
123.125,810.369,8.10,8.10
124.331,805.513,8.28,8.28
125.569,800.667,8.42,8.42
126.840,795.830,8.53,8.53
128.142,791.002,8.61,8.61
129.476,786.183,8.66,8.66
130.851,781.375,8.66,8.66
132.281,776.584,8.60,8.60
133.725,771.797,8.53,8.53
135.182,767.013,8.45,8.45
136.626,762.225,8.35,8.35
138.096,757.445,8.23,8.23
139.580,752.669,8.09,8.09
141.080,747.898,7.93,7.93
142.612,743.136,7.74,7.74
144.168,738.380,7.53,7.53
145.705,733.620,7.34,7.34
147.229,728.855,7.16,7.16
148.739,724.087,6.99,6.99
150.250,719.318,6.82,6.82
151.734,714.542,6.68,6.68
153.204,709.762,6.56,6.56
154.659,704.978,6.45,6.45
156.094,700.188,6.36,6.36
157.485,695.385,6.29,6.29
158.848,690.575,6.22,6.22
160.212,685.764,6.15,6.15
161.562,680.950,6.10,6.10
162.913,676.136,6.07,6.07
164.250,671.318,6.03,6.03
165.587,666.499,5.99,5.99
166.910,661.677,5.96,5.96
168.221,656.852,5.94,5.94
169.544,652.030,5.94,5.94
170.868,647.208,5.97,5.97
172.191,642.386,6.00,6.00
173.515,637.564,6.03,6.03
174.825,632.738,6.07,6.07
176.136,627.912,6.14,6.14
177.446,623.087,6.21,6.21
178.743,618.257,6.29,6.29
180.040,613.427,6.38,6.38
181.310,608.590,6.49,6.49
182.593,603.757,6.58,6.58
183.855,598.916,6.71,6.71
185.136,594.082,6.82,6.82
186.397,589.242,6.95,6.95
187.640,584.396,7.10,7.10
188.850,579.541,7.28,7.28
190.056,574.685,7.47,7.47
191.256,569.827,7.67,7.67
192.482,564.977,7.83,7.83
193.717,560.130,7.96,7.96
195.010,555.299,8.03,8.03
196.336,550.477,8.07,8.07
197.725,545.674,8.04,8.04
199.179,540.890,7.94,7.94
200.697,536.124,7.78,7.78
202.278,531.376,7.55,7.55
203.887,526.636,7.29,7.29
205.527,521.906,7.00,7.00
207.159,517.173,6.74,6.74
208.760,512.430,6.52,6.52
210.341,507.683,6.32,6.32
211.891,502.926,6.15,6.15
213.408,498.160,6.01,6.01
214.894,493.385,5.91,5.91
216.361,488.604,5.85,5.85
217.806,483.817,5.82,5.82
219.220,479.021,5.82,5.82
220.633,474.225,5.82,5.82
222.047,469.429,5.82,5.82
223.434,464.625,5.82,5.82
224.821,459.821,5.82,5.82
226.207,455.017,5.82,5.82
227.594,450.213,5.82,5.82
228.968,445.406,5.81,5.81
230.341,440.598,5.79,5.79
231.715,435.790,5.78,5.78
233.088,430.983,5.76,5.76
234.462,426.175,5.75,5.75
235.862,421.375,5.76,5.76
237.262,416.575,5.78,5.78
238.662,411.775,5.79,5.79
240.062,406.975,5.81,5.81
241.463,402.175,5.82,5.82
242.863,397.375,5.83,5.83
244.263,392.575,5.85,5.85
245.676,387.779,5.85,5.85
247.090,382.983,5.85,5.85
248.490,378.183,5.83,5.83
249.886,373.381,5.82,5.82
251.290,368.582,5.82,5.82
252.693,363.783,5.82,5.82
254.097,358.984,5.82,5.82
255.501,354.185,5.82,5.82
256.904,349.386,5.82,5.82
258.295,344.583,5.83,5.83
259.698,339.784,5.83,5.83
261.102,334.985,5.83,5.83
262.506,330.186,5.83,5.83
263.896,325.383,5.82,5.82
265.286,320.580,5.81,5.81
266.676,315.778,5.79,5.79
268.067,310.975,5.78,5.78
269.457,306.172,5.76,5.76
270.847,301.369,5.75,5.75
272.224,296.562,5.75,5.75
273.601,291.756,5.75,5.75
274.978,286.949,5.75,5.75
276.355,282.142,5.75,5.75
277.719,277.332,5.76,5.76
279.069,272.518,5.79,5.79
280.406,267.699,5.83,5.83
281.729,262.877,5.86,5.86
283.021,258.046,5.92,5.92
284.280,253.206,6.02,6.02
285.510,248.357,6.14,6.14
286.740,243.508,6.27,6.27
287.970,238.660,6.39,6.39
289.214,233.815,6.50,6.50
290.471,228.974,6.60,6.60
291.741,224.136,6.68,6.68
293.032,219.305,6.77,6.77
294.388,214.492,6.79,6.79
295.775,209.689,6.76,6.76
297.192,204.894,6.69,6.69
298.623,200.102,6.60,6.60
300.053,195.311,6.49,6.49
301.483,190.520,6.38,6.38
302.914,185.728,6.27,6.27
304.344,180.937,6.16,6.16
305.766,176.143,6.06,6.06
307.170,171.344,5.97,5.97
308.574,166.545,5.92,5.92
309.977,161.747,5.86,5.86
311.332,156.934,5.83,5.83
312.646,152.110,5.83,5.83
313.959,147.286,5.83,5.83
315.273,142.461,5.83,5.83
316.586,137.637,5.83,5.83
317.913,132.816,5.85,5.85
319.227,127.992,5.88,5.88
320.540,123.167,5.90,5.90
321.867,118.346,5.94,5.94
323.181,113.522,5.97,5.97
324.494,108.697,6.00,6.00
325.808,103.873,6.03,6.03
327.135,99.052,6.07,6.07
328.462,94.231,6.11,6.11
329.775,89.407,6.14,6.14
331.089,84.582,6.17,6.17
332.417,79.765,6.21,6.21
333.790,74.960,6.24,6.24
335.165,70.152,6.26,6.26
336.540,65.345,6.29,6.29
337.928,60.541,6.31,6.31
339.302,55.734,6.31,6.31
340.677,50.927,6.31,6.31
342.051,46.119,6.31,6.31
343.426,41.312,6.31,6.31
344.787,36.501,6.29,6.29
346.148,31.689,6.28,6.28
347.510,26.878,6.26,6.26
348.871,22.067,6.25,6.25
350.219,17.252,6.25,6.25
351.566,12.437,6.25,6.25
352.914,7.622,6.25,6.25
354.249,2.804,6.26,6.26
355.597,-2.011,6.26,6.26
356.944,-6.826,6.29,6.29
358.292,-11.641,6.32,6.32
359.640,-16.456,6.35,6.35
360.988,-21.271,6.38,6.38
362.335,-26.084,6.40,6.40
363.691,-30.895,6.44,6.44
365.043,-35.707,6.50,6.50
366.410,-40.517,6.54,6.54
367.763,-45.331,6.60,6.60
369.116,-50.144,6.63,6.63
370.469,-54.958,6.65,6.65
371.821,-59.771,6.68,6.68
373.174,-64.585,6.71,6.71
374.527,-69.398,6.74,6.74
375.920,-74.200,6.72,6.72
377.327,-78.999,6.69,6.69
378.733,-83.797,6.67,6.67
380.166,-88.587,6.64,6.64
381.613,-93.374,6.63,6.63
383.086,-98.153,6.61,6.61
384.577,-102.944,6.58,6.58
385.924,-107.781,6.56,6.56
387.264,-112.604,6.53,6.53
388.589,-117.428,6.51,6.51
389.942,-122.245,6.53,6.53
391.307,-127.059,6.56,6.56
392.660,-131.876,6.57,6.57
394.012,-136.693,6.58,6.58
395.365,-141.510,6.60,6.60
396.717,-146.327,6.64,6.64
398.042,-151.150,6.68,6.68
399.368,-155.974,6.72,6.72
400.679,-160.801,6.78,6.78
401.978,-165.631,6.82,6.82
403.276,-170.461,6.83,6.83
404.560,-175.292,6.86,6.86
405.850,-180.114,6.89,6.89
407.134,-184.940,6.92,6.92
408.420,-189.772,6.94,6.94
409.719,-194.602,6.99,6.99
410.991,-199.438,7.03,7.03
412.276,-204.270,7.11,7.11
413.516,-209.114,7.21,7.21
414.724,-213.966,7.38,7.38
415.888,-218.829,7.56,7.56
416.974,-223.711,7.74,7.74
417.996,-228.609,7.91,7.91
418.939,-233.527,8.07,8.07
419.804,-238.464,8.21,8.21
420.642,-243.408,8.32,8.32
421.467,-248.355,8.31,8.31
422.291,-253.302,8.24,8.24
423.102,-258.252,8.09,8.09
423.961,-263.208,7.92,7.92
424.678,-268.185,7.72,7.72
425.431,-273.149,7.51,7.51
425.864,-278.139,7.27,7.27
425.967,-283.145,7.02,7.02
426.097,-288.146,6.82,6.82
426.200,-293.147,6.71,6.71
426.308,-298.148,6.67,6.67
426.436,-303.149,6.67,6.67
426.535,-308.151,6.69,6.69
426.663,-313.151,6.75,6.75
426.791,-318.151,6.81,6.81
426.932,-323.151,6.88,6.88
427.058,-328.057,6.93,6.93
426.525,-332.692,6.99,6.99
424.877,-336.798,7.00,7.00
421.909,-339.642,6.99,6.99
417.776,-341.186,6.96,6.96
413.318,-341.783,6.88,6.88
408.747,-341.149,6.79,6.79
404.171,-339.917,6.72,6.72
399.776,-338.122,6.67,6.67
395.529,-335.791,6.63,6.63
391.229,-333.292,6.58,6.58
386.892,-330.804,6.54,6.54
382.555,-328.316,6.50,6.50
378.211,-325.840,6.44,6.44
373.854,-323.388,6.42,6.42
369.482,-320.961,6.39,6.39
365.111,-318.533,6.36,6.36
360.740,-316.105,6.33,6.33
356.368,-313.677,6.31,6.31
352.004,-311.237,6.26,6.26
347.632,-308.810,6.24,6.24
343.261,-306.382,6.21,6.21
338.896,-303.942,6.19,6.19
334.532,-301.502,6.18,6.18
330.181,-299.038,6.17,6.17
325.830,-296.574,6.15,6.15
321.480,-294.110,6.14,6.14
317.129,-291.646,6.13,6.13
312.764,-289.207,6.14,6.14
308.414,-286.743,6.15,6.15
304.063,-284.279,6.17,6.17
299.712,-281.815,6.18,6.18
295.361,-279.351,6.19,6.19
291.010,-276.887,6.21,6.21
286.660,-274.423,6.22,6.22
282.309,-271.959,6.24,6.24
277.958,-269.495,6.22,6.22
273.614,-267.019,6.19,6.19
269.257,-264.567,6.14,6.14
264.899,-262.115,6.08,6.08
260.541,-259.663,6.03,6.03
256.184,-257.211,5.97,5.97
251.826,-254.759,5.92,5.92
247.469,-252.308,5.86,5.86
243.127,-249.827,5.84,5.84
238.790,-247.339,5.88,5.88
234.453,-244.851,5.92,5.92
230.130,-242.338,5.99,5.99
225.807,-239.826,6.06,6.06
221.484,-237.314,6.13,6.13
217.160,-234.802,6.20,6.20
212.830,-232.302,6.26,6.26
208.500,-229.801,6.31,6.31
204.154,-227.330,6.33,6.33
199.803,-224.866,6.32,6.32
195.445,-222.414,6.26,6.26
191.088,-219.962,6.21,6.21
186.723,-217.522,6.17,6.17
182.352,-215.094,6.11,6.11
177.981,-212.666,6.06,6.06
173.616,-210.226,6.01,6.01
169.252,-207.786,5.97,5.97
164.894,-205.334,5.94,5.94
160.537,-202.882,5.92,5.92
156.186,-200.418,5.93,5.93
151.836,-197.953,5.94,5.94
147.492,-195.477,5.94,5.94
143.155,-192.989,5.96,5.96
138.818,-190.501,5.97,5.97
134.481,-188.012,5.99,5.99
130.144,-185.524,6.00,6.00
125.794,-183.060,5.99,5.99
121.432,-180.615,5.98,5.98
117.054,-178.199,5.94,5.94
112.676,-175.783,5.89,5.89
108.291,-173.379,5.87,5.87
103.906,-170.976,5.84,5.84
99.521,-168.572,5.81,5.81
95.136,-166.168,5.78,5.78
90.751,-163.764,5.76,5.76
86.379,-161.336,5.76,5.76
82.026,-158.877,5.76,5.76
77.689,-156.389,5.81,5.81
73.359,-153.888,5.86,5.86
69.036,-151.376,5.90,5.90
64.713,-148.863,5.94,5.94
60.390,-146.351,5.99,5.99
56.060,-143.851,6.04,6.04
51.730,-141.350,6.10,6.10
47.386,-138.874,6.13,6.13
43.035,-136.410,6.14,6.14
38.684,-133.946,6.15,6.15
34.327,-131.494,6.15,6.15
29.969,-129.042,6.15,6.15
25.612,-126.590,6.15,6.15
21.254,-124.138,6.15,6.15
16.903,-121.674,6.14,6.14
12.553,-119.210,6.13,6.13
8.202,-116.746,6.14,6.14
3.851,-114.282,6.15,6.15
-0.500,-111.818,6.17,6.17
-4.850,-109.354,6.18,6.18
-9.201,-106.890,6.22,6.22
-13.545,-104.414,6.28,6.28
-17.889,-101.937,6.33,6.33
-22.232,-99.461,6.39,6.39
-26.577,-96.985,6.44,6.44
-30.925,-94.509,6.49,6.49
-35.316,-92.083,6.54,6.54
-39.835,-89.865,6.60,6.60
-44.599,-88.216,6.65,6.65
-49.408,-86.659,6.68,6.68
-54.456,-86.171,6.69,6.69
-59.471,-85.919,6.71,6.71
-64.509,-86.037,6.72,6.72
-69.493,-86.651,6.72,6.72
-74.429,-87.612,6.71,6.71
-79.231,-89.117,6.68,6.68
-83.821,-91.098,6.65,6.65
-88.216,-93.530,6.63,6.63
-92.026,-96.773,6.61,6.61
-95.782,-100.073,6.60,6.60
-99.386,-103.538,6.62,6.62
-102.966,-107.031,6.66,6.66
-106.550,-110.519,6.71,6.71
-110.121,-114.022,6.73,6.73
-113.693,-117.523,6.76,6.76
-117.288,-121.000,6.75,6.75
-120.915,-124.442,6.69,6.69
-124.552,-127.873,6.63,6.63
-128.198,-131.295,6.57,6.57
-131.866,-134.692,6.48,6.48
-135.550,-138.073,6.37,6.37
-139.213,-141.422,6.27,6.27
-142.560,-145.041,6.20,6.20
-145.557,-148.904,6.12,6.12
-147.924,-153.206,6.07,6.07
-149.772,-157.726,6.07,6.07
-150.944,-162.497,6.07,6.07
-151.694,-167.321,6.07,6.07
-151.189,-172.163,6.07,6.07
-150.152,-176.914,6.07,6.07
-148.439,-181.473,6.07,6.07
-145.899,-185.643,6.06,6.06
-143.139,-189.693,6.06,6.06
-139.694,-193.224,6.07,6.07
-136.210,-196.875,6.08,6.08
-133.135,-200.927,6.11,6.11
-130.522,-205.262,6.15,6.15
-128.560,-210.010,6.19,6.19
-127.561,-215.003,6.24,6.24
-127.133,-220.082,6.28,6.28
-127.510,-225.138,6.36,6.36
-127.856,-230.127,6.44,6.44
-128.189,-235.117,6.51,6.51
-128.522,-240.106,6.58,6.58
-128.868,-245.095,6.64,6.64
-129.242,-250.081,6.67,6.67
-129.625,-255.067,6.69,6.69
-130.041,-260.050,6.67,6.67
-130.456,-265.032,6.63,6.63
-130.900,-270.013,6.56,6.56
-131.371,-274.991,6.49,6.49
-131.842,-279.969,6.42,6.42
-132.313,-284.947,6.35,6.35
-132.784,-289.925,6.28,6.28
-133.255,-294.902,6.21,6.21
-133.731,-299.880,6.14,6.14
-134.188,-304.859,6.08,6.08
-134.646,-309.838,6.06,6.06
-135.117,-314.816,6.01,6.01
-135.588,-319.794,5.97,5.97
-136.072,-324.771,5.94,5.94
-136.557,-329.748,5.92,5.92
-137.042,-334.724,5.89,5.89
-137.541,-339.700,5.88,5.88
-138.040,-344.675,5.89,5.89
-138.511,-349.653,5.93,5.93
-139.011,-354.646,6.00,6.00
-139.801,-359.603,6.08,6.08
-140.713,-364.526,6.17,6.17
-141.612,-369.457,6.24,6.24
-142.828,-374.326,6.31,6.31
-145.131,-378.810,6.38,6.38
-147.450,-383.283,6.46,6.46
-150.897,-386.938,6.50,6.50
-154.448,-390.502,6.53,6.53
-158.725,-393.070,6.51,6.51
-163.205,-395.309,6.50,6.50
-167.678,-397.544,6.49,6.49
-172.151,-399.780,6.47,6.47
-176.617,-402.027,6.44,6.44
-181.082,-404.274,6.42,6.42
-185.488,-406.599,6.39,6.39
-189.717,-409.239,6.38,6.38
-193.953,-411.884,6.36,6.36
-198.033,-414.548,6.36,6.36
-201.042,-418.416,6.36,6.36
-204.093,-422.320,6.36,6.36
-206.557,-426.474,6.36,6.36
-208.292,-431.049,6.38,6.38
-209.588,-435.769,6.38,6.38
-210.454,-440.651,6.35,6.35
-211.334,-445.523,6.33,6.33
-211.632,-450.450,6.32,6.32
-211.812,-455.438,6.29,6.29
-212.007,-460.434,6.25,6.25
-212.201,-465.430,6.21,6.21
-212.381,-470.427,6.18,6.18
-212.562,-475.424,6.15,6.15
-212.729,-480.421,6.14,6.14
-212.895,-485.418,6.13,6.13
-213.062,-490.415,6.11,6.11
-213.228,-495.413,6.10,6.10
-213.409,-500.409,6.10,6.10
-213.575,-505.407,6.11,6.11
-213.742,-510.404,6.13,6.13
-213.936,-515.400,6.14,6.14
-214.131,-520.396,6.15,6.15
-214.325,-525.392,6.17,6.17
-214.520,-530.389,6.18,6.18
-214.714,-535.385,6.19,6.19
-214.922,-540.381,6.19,6.19
-215.130,-545.376,6.19,6.19
-215.339,-550.372,6.19,6.19
-215.547,-555.368,6.19,6.19
-215.741,-560.364,6.18,6.18
-215.936,-565.360,6.17,6.17
-216.144,-570.356,6.17,6.17
-216.352,-575.352,6.17,6.17
-216.560,-580.348,6.17,6.17
-216.755,-585.344,6.18,6.18
-216.949,-590.340,6.19,6.19
-217.143,-595.336,6.21,6.21
-217.338,-600.333,6.22,6.22
-217.532,-605.329,6.24,6.24
-217.760,-610.324,6.28,6.28
-218.001,-615.318,6.35,6.35
-218.267,-620.311,6.45,6.45
-218.567,-625.304,6.58,6.58
-218.844,-630.297,6.70,6.70
-219.074,-635.293,6.79,6.79
-219.271,-640.289,6.85,6.85
-219.434,-645.286,6.88,6.88
-219.584,-650.284,6.89,6.89
-219.700,-655.283,6.87,6.87
-219.783,-660.283,6.82,6.82
-219.832,-665.290,6.74,6.74
-220.116,-670.292,6.60,6.60
-220.634,-675.273,6.49,6.49
-221.201,-680.254,6.39,6.39
-222.033,-685.208,6.33,6.33
-223.156,-690.112,6.29,6.29
-224.602,-694.921,6.26,6.26
-226.123,-699.727,6.24,6.24
-228.447,-704.203,6.21,6.21
-230.760,-708.653,6.18,6.18
-233.418,-712.905,6.15,6.15
-236.201,-717.066,6.13,6.13
-239.005,-721.232,6.11,6.11
-242.636,-724.684,6.10,6.10
-246.346,-728.038,6.08,6.08
-250.160,-731.259,6.07,6.07
-254.203,-734.199,6.06,6.06
-258.218,-737.154,6.04,6.04
-262.491,-739.667,6.03,6.03
-266.913,-741.932,6.03,6.03
-271.461,-743.858,6.03,6.03
-276.181,-745.422,6.03,6.03
-280.866,-746.961,6.01,6.01
-285.738,-747.759,6.03,6.03
-290.646,-748.566,6.04,6.04
-295.530,-749.148,6.06,6.06
-300.480,-749.369,6.07,6.07
-305.373,-749.618,6.08,6.08
-310.200,-749.150,6.10,6.10
-315.043,-748.407,6.11,6.11
-319.830,-747.335,6.11,6.11
-324.576,-746.032,6.13,6.13
-329.251,-744.564,6.14,6.14
-333.782,-742.734,6.15,6.15
-338.174,-740.655,6.17,6.17
-342.405,-738.139,6.18,6.18
-346.653,-735.600,6.21,6.21
-350.715,-732.830,6.24,6.24
-354.729,-729.897,6.26,6.26
-358.705,-727.012,6.31,6.31
-362.342,-723.773,6.35,6.35
-365.941,-720.349,6.38,6.38
-369.564,-716.902,6.40,6.40
-373.122,-713.521,6.43,6.43
-376.315,-709.795,6.46,6.46
-379.570,-706.002,6.47,6.47
-382.826,-702.208,6.49,6.49
-386.024,-698.487,6.50,6.50
-388.765,-694.472,6.50,6.50
-391.403,-690.265,6.50,6.50
-394.046,-686.050,6.50,6.50
-396.557,-681.785,6.50,6.50
-398.948,-677.421,6.49,6.49
-401.338,-673.030,6.49,6.49
-403.665,-668.732,6.47,6.47
-405.441,-664.181,6.46,6.46
-407.254,-659.554,6.43,6.43
-408.911,-654.911,6.40,6.40
-410.397,-650.176,6.38,6.38
-411.884,-645.441,6.35,6.35
-413.192,-640.703,6.31,6.31
-414.302,-635.945,6.28,6.28
-415.089,-631.165,6.22,6.22
-415.545,-626.345,6.18,6.18
-415.601,-621.466,6.13,6.13
-415.519,-616.624,6.07,6.07
-414.726,-611.851,6.03,6.03
-413.838,-607.060,6.01,6.01
-412.307,-602.451,5.99,5.99
-410.611,-597.860,5.97,5.97
-408.330,-593.538,5.96,5.96
-405.872,-589.278,5.94,5.94
-402.872,-585.380,5.92,5.92
-399.701,-581.555,5.90,5.90
-396.301,-577.992,5.92,5.92
-392.462,-574.835,5.93,5.93
-388.582,-571.679,5.92,5.92
-384.720,-568.499,5.90,5.90
-380.850,-565.332,5.89,5.89
-376.972,-562.176,5.89,5.89
-373.085,-559.031,5.90,5.90
-369.181,-555.907,5.94,5.94
-365.276,-552.784,5.99,5.99
-361.342,-549.697,6.05,6.05
-357.388,-546.636,6.14,6.14
-353.443,-543.562,6.25,6.25
-349.506,-540.476,6.38,6.38
-345.571,-537.390,6.50,6.50
-341.637,-534.284,6.61,6.61
-337.854,-530.989,6.72,6.72
-334.196,-527.547,6.78,6.78
-330.692,-523.942,6.81,6.81
-327.412,-520.117,6.77,6.77
-324.363,-516.127,6.66,6.66
-321.385,-512.106,6.52,6.52
-318.408,-508.086,6.38,6.38
-315.451,-504.033,6.24,6.24
-312.664,-499.863,6.10,6.10
-309.876,-495.689,5.96,5.96
-307.324,-491.364,5.88,5.88
-304.806,-487.043,5.83,5.83
-302.339,-482.689,5.85,5.85
-299.956,-478.288,5.90,5.90
-297.567,-473.894,5.97,5.97
-295.179,-469.500,6.04,6.04
-292.802,-465.099,6.10,6.10
-290.426,-460.699,6.15,6.15
-288.050,-456.298,6.21,6.21
-285.673,-451.898,6.24,6.24
-283.297,-447.497,6.26,6.26
-280.885,-443.117,6.28,6.28
-278.448,-438.751,6.26,6.26
-276.011,-434.384,6.25,6.25
-273.574,-430.018,6.24,6.24
-271.126,-425.659,6.24,6.24
-268.677,-421.299,6.24,6.24
-266.204,-416.954,6.26,6.26
-263.695,-412.629,6.33,6.33
-261.174,-408.311,6.39,6.39
-258.640,-403.999,6.43,6.43
-256.083,-399.702,6.47,6.47
-253.502,-395.418,6.49,6.49
-250.920,-391.134,6.50,6.50
-248.314,-386.864,6.49,6.49
-245.709,-382.594,6.47,6.47
-243.127,-378.310,6.43,6.43
-240.570,-374.012,6.36,6.36
-238.012,-369.713,6.29,6.29
-235.494,-365.382,6.22,6.22
-233.122,-360.971,6.15,6.15
-230.779,-356.554,6.11,6.11
-228.436,-352.089,6.07,6.07
-226.689,-347.358,6.03,6.03
-224.993,-342.612,5.99,5.99
-223.968,-337.690,5.95,5.95
-223.311,-332.708,5.92,5.92
-222.944,-327.714,5.89,5.89
-222.834,-322.704,5.88,5.88
-223.180,-317.727,5.87,5.87
-223.853,-312.771,5.88,5.88
-225.157,-307.966,5.90,5.90
-226.717,-303.216,5.96,5.96
-228.500,-298.551,6.03,6.03
-230.574,-293.999,6.11,6.11
-232.643,-289.426,6.18,6.18
-235.613,-285.404,6.25,6.25
-238.784,-281.530,6.32,6.32
-241.952,-277.660,6.39,6.39
-245.140,-273.808,6.43,6.43
-248.350,-269.975,6.44,6.44
-251.570,-266.150,6.47,6.47
-254.801,-262.334,6.49,6.49
-258.032,-258.518,6.47,6.47
-261.263,-254.702,6.46,6.46
-264.505,-250.896,6.46,6.46
-267.747,-247.089,6.46,6.46
-270.967,-243.264,6.46,6.46
-274.198,-239.448,6.44,6.44
-277.418,-235.623,6.44,6.44
-280.614,-231.785,6.44,6.44
-283.644,-227.879,6.43,6.43
-285.825,-223.570,6.42,6.42
-286.050,-218.710,6.40,6.40
-285.662,-213.754,6.36,6.36
-285.273,-208.768,6.32,6.32
-284.912,-203.781,6.28,6.28
-284.537,-198.795,6.25,6.25
-284.162,-193.809,6.22,6.22
-283.801,-188.822,6.18,6.18
-283.454,-183.834,6.15,6.15
-283.120,-178.845,6.14,6.14
-282.759,-173.858,6.13,6.13
-282.412,-168.870,6.13,6.13
-282.065,-163.882,6.13,6.13
-281.717,-158.894,6.13,6.13
-281.356,-153.906,6.14,6.14
-280.981,-148.920,6.14,6.14
-280.606,-143.934,6.14,6.14
-280.231,-138.948,6.14,6.14
-279.843,-133.962,6.15,6.15
-279.468,-128.976,6.15,6.15
-279.093,-123.990,6.15,6.15
-278.718,-119.004,6.15,6.15
-278.315,-114.019,6.15,6.15
-277.926,-109.034,6.14,6.14
-277.551,-104.048,6.14,6.14
-277.176,-99.062,6.14,6.14
-276.773,-94.077,6.14,6.14
-276.343,-89.094,6.14,6.14
-275.926,-84.111,6.15,6.15
-275.510,-79.127,6.17,6.17
-275.093,-74.144,6.18,6.18
-274.704,-69.158,6.19,6.19
-274.316,-64.173,6.21,6.21
-273.927,-59.188,6.22,6.22
-273.538,-54.202,6.24,6.24
-273.191,-49.214,6.24,6.24
-272.885,-44.224,6.22,6.22
-272.579,-39.233,6.21,6.21
-272.260,-34.243,6.18,6.18
-271.941,-29.265,6.15,6.15
-271.577,-24.291,6.13,6.13
-271.203,-19.308,6.10,6.10
-270.829,-14.322,6.07,6.07
-270.468,-9.335,6.03,6.03
-270.108,-4.348,6.01,6.01
-269.747,0.639,6.00,6.00
-269.387,5.626,5.99,5.99
-269.048,10.524,5.99,5.99
-268.344,15.238,6.00,6.00
-267.125,19.959,6.01,6.01
-265.963,24.506,6.03,6.03
-263.634,28.584,6.04,6.04
-261.135,32.916,6.10,6.10
-258.729,37.073,6.14,6.14
-255.683,40.717,6.19,6.19
-252.376,44.415,6.24,6.24
-249.189,47.989,6.28,6.28
-245.704,50.797,6.31,6.31
-241.516,53.074,6.33,6.33
-237.129,55.474,6.36,6.36
-233.140,57.720,6.39,6.39
-228.686,58.663,6.40,6.40
-223.807,59.685,6.40,6.40
-219.124,60.690,6.39,6.39
-214.641,60.961,6.38,6.38
-209.893,60.402,6.33,6.33
-204.923,59.834,6.28,6.28
-200.216,59.353,6.25,6.25
-195.869,57.575,6.22,6.22
-191.303,55.576,6.19,6.19
-186.766,53.560,6.17,6.17
-182.361,51.312,6.15,6.15
-177.976,48.940,6.14,6.14
-173.605,46.512,6.13,6.13
-169.241,44.072,6.13,6.13
-164.883,41.619,6.14,6.14
-160.555,39.116,6.09,6.09
-156.243,36.584,6.02,6.02
-151.947,34.024,5.91,5.91
-147.659,31.451,5.78,5.78
-143.364,28.890,5.64,5.64
-139.069,26.329,5.50,5.50
-134.766,23.780,5.38,5.38
-130.471,21.220,5.27,5.27
-126.159,18.688,5.19,5.19
-121.821,16.202,5.16,5.16
-117.446,13.781,5.19,5.19
-113.047,11.401,5.26,5.26
-108.641,9.032,5.34,5.34
-104.242,6.652,5.44,5.44
-99.843,4.272,5.53,5.53
-95.444,1.892,5.63,5.63
-91.038,-0.476,5.74,5.74
-86.649,-2.873,5.82,5.82
-82.264,-5.277,5.86,5.86
-77.899,-7.717,5.89,5.89
-73.542,-10.170,5.90,5.90
-69.191,-12.634,5.90,5.90
-64.841,-15.098,5.90,5.90
-60.490,-17.563,5.90,5.90
-56.140,-20.027,5.90,5.90
-51.789,-22.492,5.90,5.90
-47.438,-24.956,5.90,5.90
-43.095,-27.433,5.92,5.92
-38.751,-29.909,5.93,5.93
-34.407,-32.385,5.97,5.97
-30.064,-34.862,6.01,6.01
-25.713,-37.326,6.07,6.07
-21.363,-39.791,6.13,6.13
-17.012,-42.255,6.18,6.18
-12.675,-44.744,6.24,6.24
-8.345,-47.244,6.31,6.31
-4.016,-49.750,6.39,6.39
0.351,-52.192,6.47,6.47
4.732,-54.614,6.56,6.56
9.174,-56.920,6.65,6.65
13.606,-59.236,6.74,6.74
18.026,-61.577,6.85,6.85
22.433,-63.943,6.99,6.99
26.846,-66.296,7.11,7.11
31.265,-68.637,7.25,7.25
35.691,-70.966,7.44,7.44
40.143,-73.280,7.68,7.68
44.688,-75.443,7.95,7.95
49.292,-77.437,8.26,8.26
53.888,-79.407,8.62,8.62
58.508,-81.321,8.99,8.99
63.126,-83.237,9.30,9.30
67.732,-85.183,9.57,9.57
72.357,-87.174,9.79,9.79
77.115,-88.884,9.89,9.89
81.927,-90.353,9.94,9.94
86.704,-91.830,9.87,9.87
91.486,-93.292,9.72,9.72
96.476,-94.812,9.47,9.47
101.721,-94.736,9.15,9.15
106.919,-93.909,8.82,8.82
111.735,-91.649,8.50,8.50
115.939,-88.614,8.17,8.17
119.574,-84.752,7.87,7.87
121.348,-79.736,7.57,7.57
122.154,-74.647,7.32,7.32
122.082,-69.541,7.10,7.10
121.119,-64.600,6.92,6.92
119.399,-59.867,6.78,6.78
117.707,-55.160,6.69,6.69
116.047,-50.443,6.63,6.63
114.418,-45.715,6.60,6.60
112.816,-40.979,6.60,6.60
111.214,-36.242,6.60,6.60
109.612,-31.507,6.60,6.60
107.912,-26.806,6.60,6.60
106.175,-22.118,6.61,6.61
104.437,-17.430,6.63,6.63
102.713,-12.737,6.63,6.63
100.988,-8.044,6.63,6.63
99.277,-3.346,6.61,6.61
97.565,1.352,6.60,6.60
95.854,6.050,6.58,6.58
94.142,10.748,6.57,6.57
92.431,15.446,6.56,6.56
90.732,20.149,6.56,6.56
89.034,24.852,6.56,6.56
87.335,29.554,6.56,6.56
85.650,34.262,6.57,6.57
83.977,38.974,6.63,6.63
82.331,43.696,6.71,6.71
80.685,48.418,6.79,6.79
79.038,53.140,6.88,6.88
77.405,57.867,6.97,6.97
75.772,62.594,7.04,7.04
74.151,67.325,7.13,7.13
72.531,72.057,7.21,7.21
70.911,76.788,7.29,7.29
69.265,81.509,7.35,7.35
67.598,86.222,7.38,7.38
65.945,90.939,7.40,7.40
64.323,95.670,7.46,7.46
62.720,100.407,7.54,7.54
61.134,105.151,7.67,7.67
59.567,109.901,7.82,7.82
58.045,114.667,7.99,7.99
56.496,119.424,8.15,8.15
54.947,124.181,8.32,8.32
53.398,128.938,8.49,8.49
51.849,133.695,8.65,8.65
50.269,138.441,8.79,8.79
48.658,143.175,8.89,8.89
47.015,147.898,8.95,8.95
45.341,152.610,8.99,8.99
43.622,157.305,9.00,9.00
41.917,162.005,9.00,9.00
40.211,166.705,9.00,9.00
38.506,171.405,9.00,9.00
36.800,176.106,9.00,9.00
35.095,180.806,9.00,9.00
33.389,185.506,9.00,9.00
31.684,190.206,9.00,9.00
29.978,194.906,9.00,9.00
28.273,199.606,9.00,9.00
26.567,204.306,9.00,9.00
24.862,209.007,9.00,9.00
23.143,213.702,8.99,8.99
21.425,218.397,8.97,8.97
19.706,223.093,8.96,8.96
17.988,227.788,8.94,8.94
16.269,232.484,8.93,8.93
14.551,237.179,8.92,8.92
12.832,241.874,8.90,8.90
11.113,246.570,8.89,8.89
9.395,251.265,8.88,8.88
7.689,255.965,8.88,8.88
5.984,260.665,8.88,8.88
4.278,265.366,8.88,8.88
2.560,270.061,8.89,8.89
0.841,274.756,8.90,8.90
-0.877,279.452,8.92,8.92
-2.614,284.141,8.91,8.91
-4.382,288.818,8.87,8.87
-6.182,293.484,8.80,8.80
-8.012,298.139,8.69,8.69
-9.875,302.782,8.56,8.56
-11.737,307.425,8.42,8.42
-13.586,312.073,8.26,8.26
-15.435,316.721,8.11,8.11
-17.271,321.374,7.94,7.94
-19.088,326.034,7.80,7.80
-20.842,330.716,7.72,7.72
-22.533,335.421,7.70,7.70
-24.165,340.157,7.76,7.76
-25.791,344.900,7.88,7.88
-27.393,349.644,8.01,8.01
-28.992,354.380,8.15,8.15
-30.566,359.123,8.29,8.29
-32.132,363.873,8.46,8.46
-33.699,368.625,8.63,8.63
-35.298,373.365,8.76,8.76
-36.927,378.094,8.86,8.86
-38.588,382.811,8.93,8.93
-40.280,387.517,8.96,8.96
-42.004,392.210,8.96,8.96
-43.727,396.904,8.96,8.96
-45.450,401.598,8.96,8.96
-47.187,406.286,8.94,8.94
-48.936,410.970,8.92,8.92
-50.693,415.652,8.88,8.88
-52.482,420.321,8.81,8.81
-54.270,424.990,8.74,8.74
-56.071,429.655,8.69,8.69
-57.886,434.315,8.64,8.64
-59.700,438.974,8.60,8.60
-61.515,443.634,8.56,8.56
-63.329,448.294,8.52,8.52
-65.130,452.958,8.49,8.49
-66.924,457.626,8.47,8.47
-68.686,462.305,8.49,8.49
-70.449,466.984,8.50,8.50
-72.198,471.668,8.50,8.50
-73.947,476.352,8.50,8.50
-75.723,481.026,8.47,8.47
-77.511,485.696,8.43,8.43
-79.326,490.355,8.36,8.36
-81.140,495.015,8.29,8.29
-82.968,499.670,8.21,8.21
-84.808,504.320,8.11,8.11
-86.648,508.970,8.01,8.01
-88.502,513.615,7.93,7.93
-90.355,518.260,7.85,7.85
-92.183,522.915,7.79,7.79
-93.997,527.575,7.75,7.75
-95.799,532.239,7.72,7.72
-97.598,536.898,7.69,7.69
-99.349,541.570,7.68,7.68
-101.052,546.265,7.68,7.68
-102.756,550.965,7.68,7.68
-104.448,555.670,7.67,7.67
-106.153,560.371,7.67,7.67
-107.858,565.071,7.67,7.67
-109.550,569.776,7.65,7.65
-111.228,574.486,7.65,7.65
-112.920,579.191,7.67,7.67
-114.599,583.858,7.68,7.68
-115.959,588.520,7.69,7.69
-116.729,593.319,7.68,7.68
-117.102,598.035,7.68,7.68
-116.062,602.519,7.67,7.67
-113.563,606.485,7.67,7.67
-110.274,609.867,7.68,7.68
-106.210,612.320,7.71,7.71
-101.628,613.924,7.74,7.74
-96.842,615.069,7.80,7.80
-91.935,615.865,7.89,7.89
-86.998,616.652,8.03,8.03
-82.063,617.458,8.12,8.12
-77.134,618.298,8.17,8.17
-72.208,619.156,8.18,8.18
-67.275,620.036,8.14,8.14
-62.367,621.072,8.06,8.06
-57.494,622.222,7.92,7.92
-52.635,623.424,7.71,7.71
-47.795,624.717,7.46,7.46
-43.016,626.211,7.19,7.19
-38.235,627.672,6.94,6.94
-33.513,629.255,6.74,6.74
-28.899,631.127,6.55,6.55
-24.406,633.214,6.41,6.41
-20.104,635.717,6.30,6.30
-15.771,638.182,6.24,6.24
-11.593,640.899,6.21,6.21
-7.412,643.621,6.19,6.19
-3.448,646.606,6.19,6.19
0.251,649.952,6.19,6.19
3.958,653.306,6.19,6.19
7.572,656.755,6.21,6.21
11.148,660.249,6.22,6.22
14.723,663.741,6.24,6.24
17.753,667.707,6.24,6.24
20.710,671.740,6.25,6.25
23.667,675.773,6.24,6.24
26.513,679.886,6.22,6.22
29.019,684.220,6.21,6.21
31.534,688.541,6.18,6.18
34.051,692.867,6.15,6.15
36.444,697.263,6.13,6.13
38.809,701.670,6.10,6.10
41.151,706.095,6.07,6.07
43.346,710.603,6.04,6.04
45.356,715.191,6.01,6.01
47.363,719.770,5.99,5.99
49.373,724.358,5.96,5.96
51.234,729.007,5.94,5.94
53.097,733.648,5.92,5.92
54.982,738.309,5.90,5.90
56.454,743.118,5.88,5.88
57.915,747.903,5.86,5.86
59.386,752.726,5.86,5.86
60.357,757.674,5.88,5.88
61.320,762.581,5.89,5.89
62.286,767.503,5.90,5.90
63.103,772.460,5.92,5.92
63.828,777.416,5.94,5.94
64.478,782.373,5.96,5.96
65.065,787.339,6.01,6.01
65.575,792.316,6.05,6.05
66.024,797.301,6.05,6.05
66.427,802.292,6.07,6.07
66.788,807.288,6.11,6.11
67.099,812.292,6.14,6.14
67.378,817.300,6.20,6.20
67.634,822.310,6.28,6.28
67.918,827.317,6.39,6.39
68.216,832.323,6.50,6.50
68.550,837.323,6.63,6.63
68.930,842.317,6.78,6.78
69.371,847.303,6.93,6.93
69.883,852.294,7.08,7.08
70.513,857.380,7.25,7.25
71.554,862.385,7.38,7.38
72.639,867.324,7.45,7.45
74.081,872.535,7.45,7.45
76.953,877.527,7.42,7.42
81.435,881.404,7.32,7.32
86.942,883.358,7.22,7.22
92.646,883.548,7.08,7.08
98.064,881.982,6.92,6.92
102.871,879.035,6.75,6.75
106.251,874.575,6.59,6.59
